Iron Hat,-,S
Vine Circlet,-,I
Leather Cap,-,D
Battered Helm,-,SD
Scare Mask,-,DI
Rusted Coif,-,SI
Cone Helmet,-,S
Iron Circlet,-,I
Tricorne,-,D
Plague Mask,-,DI
Soldier Helmet,-,SI
Sallet,-,SD
Torture Cage,-,I
Iron Mask,-,DI
Barbute Helmet,-,S
Leather Hood,-,D
Great Helmet,-,SI
Visored Sallet,-,SD
Close Helmet,-,S
Tribal Circlet,-,I
Festival Mask,-,DI
Wolf Pelt,-,D
Crusader Helmet,-,SI
Gilded Sallet,-,SD
Bone Circlet,-,I
Golden Mask,-,DI
Gladiator Helmet,-,S
Secutor Helm,-,SD
Aventail Helmet,-,SI
Raven Mask,-,DI
Lunaris Circlet,-,I
Reaver Helmet,-,S
Hunter Hood,-,D
Fencer Helm,-,SD
Zealot Helmet,-,SI
Callous Mask,-,DI
Noble Tricorne,-,D
Steel Circlet,-,I
Siege Helmet,-,S
Lacquered Helmet,-,SD
Regicide Mask,-,DI
Great Crown,-,SI
Necromancer Circlet,-,I
Ursine Pelt,-,D
Samite Helmet,-,S
Harlequin Mask,-,DI
Fluted Bascinet,-,SD
Magistrate Crown,-,SI
Solaris Circlet,-,I
Silken Hood,-,D
Ezomyte Burgonet,-,S
Vaal Mask,-,DI
Prophet Crown,-,SI
Pig-Faced Bascinet,-,SD
Sinner Tricorne,-,D
Mind Cage,-,I
Royal Burgonet,-,S
Nightmare Bascinet,-,SD
Deicide Mask,-,DI
Praetor Crown,-,SI
Eternal Burgonet,-,S
Hubris Circlet,-,I
Lion Pelt,-,D
